num_topics,r2,aic,bic
2,0.029922228987181432,3363.269234803903,3382.628798388224
3,0.03904407619787734,3319.9587682830866,3345.771519728847
