num_topics,r2,aic,bic
2,0.03178921407368427,684054.4932042037,684085.5108554686
3,0.03931960407244017,682271.4891349832,682312.8460033364
